ISBN,EKey
9788762819313,x
9788762819221,x
9788762819214,x
9788762819191,x
9788762818934,x
9788762818729,x
9788762818712,x
9788762818682,x
9788762818699,x
9788762818705,x
9788762818484,x
9788762818330,x
9788762818460,x
9788762818477,x
9788762818323,x
9788762817975,x
9788762817968,x
9788762817630,x
9788762815674,x
9788762817463,x
9788762817371,x
9788762817364,x
9788762817357,x
9788762817340,x
9788762817333,x
9788762815797,x
9788762817159,x
9788762817166,x
9788762817098,x
9788762817135,x
9788762817142,x
9788762817111,x
9788762817128,x
9788762817104,x
9788762816916,x
9788762816978,x
9788762816923,x
9788762815681,x
9788762813885,x
9788762816480,x
9788762816428,x
9788762815780,x
9788762815650,x
9788762815667,x
9788762816381,x
9788762815643,x
9788762815629,x
9788762816183,x
9788762816022,x
9788762815612,x
9788762814653,x
9788762814677,x
9788762816008,x
9788762816039,x
9788762814332,x
9788762814349,x
9788762815988,x
9788762813809,x
9788762813939,x
9788762814318,x
9788762814325,x
9788762812901,x
9788762812918,x
9788762812925,x
9788762812895,x
9788762813588,x
9788762816015,x
9788762815971,x
9788762812932,x
9788762812673,x
9788762812680,x
9788762812697,x
9788762812703,x
9788762812710,x
9788762812727,x
9788762812437,x
9788762812352,x
9788762812369,x
9788762812376,x
9788762812345,x
9788762815995,x
9788762814509,x
9788702289893,x
9788702286199,x
9788762518100,x
9788762514294,x

